<?xml version="1.0" encoding="UTF-8"?>
<!DOCTYPE configuremap [
  <!ELEMENT configuremap (configure)+>
  <!ATTLIST configuremap xmlns CDATA #FIXED ''>
  <!ELEMENT configure EMPTY>
  <!ATTLIST configure xmlns CDATA #FIXED '' name NMTOKEN #REQUIRED
    value CDATA #REQUIRED>
]>
<!--
  ImageMagick build configuration.
-->
<configuremap>
  <configure name="CC" value="gcc -std=gnu99 -std=gnu99"/>
  <configure name="CFLAGS" value="-I/opt/lambda/include/libxml2   -I/opt/lambda/include   -I/opt/lambda/include/libpng16 -I/opt/lambda/include     -I/opt/lambda/include/freetype2 -I/opt/lambda/include -I/opt/lambda/include/libpng16   -I/opt/lambda/include    -fopenmp  -Wall -mtune=corei7-avx -fexceptions -pthread -DMAGICKCORE_HDRI_ENABLE=1 -DMAGICKCORE_QUANTUM_DEPTH=16"/>
  <configure name="CODER_PATH" value="/opt/lambda/lib/ImageMagick-7.0.8/modules-Q16HDRI/coders"/>
  <configure name="CONFIGURE_PATH" value="/opt/lambda/etc/ImageMagick-7/"/>
  <configure name="CONFIGURE" value="./configure  '--prefix=/opt/lambda' '--disable-dependency-tracking' '--with-zlib' '--with-png-dir=/opt/lambda' '--with-jpeg-dir=/opt/lambda' '--with-webp-dir=/opt/lambda' '--with-freetype-dir=/opt/lambda' 'CFLAGS=' 'LDFLAGS=-L/opt/lambda/lib64 -L/opt/lambda/lib' 'CPPFLAGS=-I/opt/lambda/include  -I/usr/include' 'PKG_CONFIG=/usr/bin/pkg-config' 'PKG_CONFIG_PATH=/opt/lambda/lib64/pkgconfig:/opt/lambda/lib/pkgconfig'"/>
  <configure name="COPYRIGHT" value="Copyright (C) 1999-2019 ImageMagick Studio LLC"/>
  <configure name="CPPFLAGS" value="-I/opt/lambda/include/ImageMagick-7"/>
  <configure name="CXXFLAGS" value="-g -O2 -pthread"/>
  <configure name="CXX" value="g++"/>
  <configure name="DEFS" value="-DHAVE_CONFIG_H"/>
  <configure name="DELEGATES" value="mpeg freetype jng jpeg lzma png webp x xml zlib"/>
  <configure name="DISTCHECK_CONFIG_FLAGS" value="'CFLAGS=' 'CPPFLAGS=-I/opt/lambda/include  -I/usr/include' 'LDFLAGS=-L/opt/lambda/lib64 -L/opt/lambda/lib'  --disable-deprecated  --with-quantum-depth=16  --with-jemalloc=no  --with-umem=no  --with-autotrace=no  --with-gslib=no  --with-fontpath=  --with-rsvg=no  --with-perl=no "/>
  <configure name="DOCUMENTATION_PATH" value="/opt/lambda/share/doc/ImageMagick-7"/>
  <configure name="EXEC-PREFIX" value="/opt/lambda"/>
  <configure name="EXECUTABLE_PATH" value="/opt/lambda/bin"/>
  <configure name="FEATURES" value="DPC HDRI Cipher OpenMP"/>
  <configure name="FILTER_PATH" value="/opt/lambda/lib/ImageMagick-7.0.8/modules-Q16HDRI/filters"/>
  <configure name="GIT_REVISION" value="15297:6b3bdb6:20190205" />
  <configure name="HOST" value="x86_64-pc-linux-gnu"/>
  <configure name="INCLUDE_PATH" value="/opt/lambda/include/ImageMagick-7"/>
  <configure name="LDFLAGS" value="-L/opt/lambda/lib -L/opt/lambda/lib64 -L/opt/lambda/lib "/>
  <configure name="LIBRARY_PATH" value="/opt/lambda/lib/ImageMagick-7.0.8"/>
  <configure name="LIBS" value="    -L/opt/lambda/lib -lfreetype    -ljpeg   -L/opt/lambda/lib -lpng16 -lz           -L/opt/lambda/lib -lwebp         -lX11  -llzma         -L/opt/lambda/lib -lxml2    -L/opt/lambda/lib -lz       -lm     -lgomp"/>
  <configure name="LIB_VERSION_NUMBER" value="7,0,8,27"/>
  <configure name="LIB_VERSION" value="0x708"/>
  <configure name="NAME" value="ImageMagick"/>
  <configure name="PCFLAGS" value="-fopenmp -DMAGICKCORE_HDRI_ENABLE=1 -DMAGICKCORE_QUANTUM_DEPTH=16"/>
  <configure name="PREFIX" value="/opt/lambda"/>
  <configure name="QuantumDepth" value="16"/>
  <configure name="RELEASE_DATE" value="2019-03-17"/>
  <configure name="SHAREARCH_PATH" value="/opt/lambda/lib/ImageMagick-7.0.8/config-Q16HDRI"/>
  <configure name="SHARE_PATH" value="/opt/lambda/share/ImageMagick-7"/>
  <configure name="TARGET_CPU" value="x86_64"/>
  <configure name="TARGET_OS" value="linux-gnu"/>
  <configure name="TARGET_VENDOR" value="pc"/>
  <configure name="VERSION" value="7.0.8"/>
  <configure name="WEBSITE" value="https://imagemagick.org"/>
</configuremap>
